행정동 ,위치,기준일자
구로2동,가마산로20다길 3,2023-03-31
구로2동,구로동로28길 58,2023-03-31
구로2동,가마산로20다길 28-14,2023-03-31
구로2동,가마산로20다길 22-10,2023-03-31
구로2동,가마산로20나길 22-2,2023-03-31
구로2동,구로동로 221-1,2023-03-31
구로2동,구로동로 205,2023-03-31
구로2동,구로동로43길 24,2023-03-31
구로2동,구로동로43길 40,2023-03-31
구로2동,가마산로 134,2023-03-31
구로2동,가마산로 174-9,2023-03-31
구로2동,구로동로35길 22,2023-03-31
구로2동,구로동로35길 16,2023-03-31
구로2동,구로동로35길 13,2023-03-31
구로2동,벚꽃로74길 20,2023-03-31
구로2동,구로동로41길 58,2023-03-31
구로2동,구로동로41길 65,2023-03-31
구로2동,가마산로11길 10,2023-03-31
구로2동,가마산로9길 8-21,2023-03-31
구로2동,가마산로 175,2023-03-31
구로2동,가마산로7길 13,2023-03-31
구로2동,가마산로5길 13,2023-03-31
구로2동,가마산로 153-7,2023-03-31
구로2동,구로동로17길 57-8,2023-03-31
구로2동,구로동로17길 56-5,2023-03-31
구로2동,구로동로17길 46,2023-03-31
구로2동,구로동로17길 40,2023-03-31
구로2동,구로동로17길 37-54,2023-03-31
구로2동,벚꽃로 39,2023-03-31
구로2동,벚꽃로 398,2023-03-31
구로2동,가마산로 159-14,2023-03-31
구로2동,벚꽃로 414-1,2023-03-31
구로2동,벚꽃로68길 5,2023-03-31
구로2동,벚꽃로 446,2023-03-31
구로2동,구로동로48길 18,2023-03-31
구로2동,벚꽃로74길 1,2023-03-31
구로2동,구로동로43길 41,2023-03-31
구로2동,구로동로43길 31,2023-03-31
구로2동,구로동로43길 17,2023-03-31
구로2동,구로동로43길 13,2023-03-31
구로2동,구로동로42길 15,2023-03-31
구로2동,구로동로 210-10,2023-03-31
구로2동,구로중앙로27다길 1,2023-03-31
구로2동,구로중앙로27길 66,2023-03-31
구로2동,벚꽃로 466,2023-03-31
구로2동,벚꽃로 468,2023-03-31
구로2동,벚꽃로76길 4,2023-03-31
구로2동,벚꽃로78길 2,2023-03-31
구로2동,벚꽃로 484,2023-03-31
구로2동,구로동로45길 26,2023-03-31
구로2동,구로동로45길 14,2023-03-31
구로2동,구로동로47길 10-5,2023-03-31
구로2동,구로동로 224,2023-03-31
구로2동,구로동로 230-1,2023-03-31
구로2동,구로동로50길 9,2023-03-31
구로2동,구로중앙로27길 18,2023-03-31
구로2동,구로중앙로27길 21,2023-03-31
구로2동,구로중앙로 103,2023-03-31
구로2동,구로중앙로27가길 23,2023-03-31
구로2동,구로중앙로27가길 13,2023-03-31
구로2동,구로중앙로27나길 16,2023-03-31
구로2동,구로동로40길 4,2023-03-31
구로2동,구로동로40나길 9,2023-03-31
구로2동,구로중앙로27나길 32,2023-03-31
구로2동,구로중앙로21길 10-15,2023-03-31
구로2동,구로중앙로21길 10,2023-03-31
구로2동,구로중앙로21길 40,2023-03-31
구로2동,구로중앙로21길 58,2023-03-31
구로2동,구로중앙로21길 72,2023-03-31
구로2동,가마산로19길 25,2023-03-31
구로2동,구로동로38길 46,2023-03-31
구로2동,가마산로22길 48,2023-03-31
구로2동,가마산로20라길 20-7,2023-03-31
구로2동,가마산로20다길 14-14,2023-03-31
구로2동,가마산로20길 43,2023-03-31
구로2동,구로동로28길 33-41,2023-03-31
구로2동,가마산로15길 6-2,2023-03-31
구로2동,가마산로20나길 22-2,2023-03-31
구로2동,가마산로20다길 28-13,2023-03-31
구로2동,가마산로20다길 22-10,2023-03-31
구로2동,가마산로20다길 3,2023-03-31
구로2동,가마산로20길 19,2023-03-31
구로2동,구로동로7다길 11,2023-03-31
구로3동,디지털로26길 29,2023-03-31
구로3동,디지털로26길 61,2023-03-31
구로3동,디지털로 242,2023-03-31
구로3동,구로동로 79,2023-03-31
구로3동,도림로12길 15-3,2023-03-31
구로3동,디지털로27나길 10-6,2023-03-31
구로3동,디지털로27길 58,2023-03-31
구로3동,디지털로27길 120-3,2023-03-31
구로3동,디지털로27길 124-12,2023-03-31
구로3동,도림로10길 5-4,2023-03-31
구로3동,도림로12길 9,2023-03-31
구로3동,도림로 40-1,2023-03-31
구로3동,도림로 46,2023-03-31
구로3동,디지털로27라길 67,2023-03-31
구로3동,도림로 44-9,2023-03-31
구로3동,도림로 53,2023-03-31
구로3동,도림로 98,2023-03-31
구로3동,도림천로 376,2023-03-31
구로3동,도림로20가길 30,2023-03-31
구로3동,도림로20길 18,2023-03-31
구로3동,도림로20길 68,2023-03-31
구로3동,디지털로35길 34,2023-03-31
구로3동,디지털로35길 10,2023-03-31
구로3동,디지털로32길 82,2023-03-31
구로3동,디지털로32길 96,2023-03-31
구로3동,디지털로32다길 13,2023-03-31
구로3동,시흥대로163길 13,2023-03-31
구로3동,디지털로32다길 46,2023-03-31
구로3동,디지털로32다길 58,2023-03-31
구로3동,디지털로32다길 60,2023-03-31
구로3동,디지털로32다길 64,2023-03-31
구로3동,디지털로32다길 65,2023-03-31
구로3동,시흥대로161가길 4,2023-03-31
구로3동,시흥대로161가길 16-6,2023-03-31
구로3동,시흥대로161가길 26,2023-03-31
구로3동,디지털로32가길 76-17,2023-03-31
구로3동,디지털로32가길 82,2023-03-31
구로3동,디지털로32가길 46-5,2023-03-31
구로3동,시흥대로163길 17,2023-03-31
구로3동,시흥대로161길 18,2023-03-31
구로3동,시흥대로161길 20,2023-03-31
구로3동,시흥대로161길 24,2023-03-31
구로3동,시흥대로161길 36-6,2023-03-31
구로3동,시흥대로 38,2023-03-31
구로3동,도림천로 379,2023-03-31
구로3동,디지털로432가길 72,2023-03-31
구로3동,디지털로432가길 66,2023-03-31
구로3동,디지털로432가길 65,2023-03-31
구로3동,디지털로432가길 54,2023-03-31
구로3동,디지털로432가길 56,2023-03-31
구로4동,구로중앙로18길 71,2023-03-31
구로4동,구로중앙로18길 53,2023-03-31
구로4동,구로중앙로18길 11,2023-03-31
구로4동,구로중앙로18길 5,2023-03-31
구로4동,구로중앙로14길 42 ,2023-03-31
구로4동,구로중앙로14길 46,2023-03-31
구로4동,구로중앙로8길 41,2023-03-31
구로4동,구로중앙로 14,2023-03-31
구로4동,구로중앙로19길 11,2023-03-31
구로4동,구로중앙로11길 14,2023-03-31
구로4동,구로중앙로7길 6,2023-03-31
구로4동,구로중앙로7길 28,2023-03-31
구로4동,도림로 37,2023-03-31
구로4동,도림로23길 14,2023-03-31
구로4동,구로동로18길 44,2023-03-31
구로4동,구로동로12길 16-9,2023-03-31
구로4동,구로동로8길 17,2023-03-31
구로4동,구로동로 86,2023-03-31
구로4동,구로동로12길 4,2023-03-31
구로4동,구로동로8길 70-3,2023-03-31
구로4동,구로동로22길 51,2023-03-31
구로4동,구로동로12길 60,2023-03-31
구로4동,구로동로12길 59-10,2023-03-31
구로4동,구로동로22길 36,2023-03-31
구로4동,구로동로12길 70,2023-03-31
구로4동,구로동로8길 62-8,2023-03-31
구로4동,구로동로22길 82,2023-03-31
구로4동,구로동로22길 87,2023-03-31
구로4동,구로동로18길 56-16,2023-03-31
구로4동,도림로 11,2023-03-31
구로4동,구로동로18길 44-30,2023-03-31
구로4동,도림로3길 19,2023-03-31
구로4동,구로동로18길 44-12,2023-03-31
구로4동,구로중앙로15길 21,2023-03-31
구로4동,구로중앙로19길 25-25,2023-03-31
구로4동,가마산로20다길 45,2023-03-31
구로4동,구로동로28길 78-2,2023-03-31
구로4동,구로중앙로7길 16,2023-03-31
구로4동,구로중앙로5길 35,2023-03-31
구로5동,공원로 26,2023-03-31
구로5동,공원로8길 9-10,2023-03-31
구로5동,공원로6가길 52,2023-03-31
구로5동,공원로6나길5-6,2023-03-31
구로5동,공원로6나길 11-12,2023-03-31
구로5동,공원로6나길 11-20,2023-03-31
구로5동,공원로6다길 14,2023-03-31
구로5동,새말로16길 16,2023-03-31
구로5동,공원로6나길 29-22,2023-03-31
구로5동,공원로6나길 35-23,2023-03-31
구로5동,공원로6나길 49-15,2023-03-31
구로5동,새말로18길 20-15,2023-03-31
구로5동,새말로18길 20-9,2023-03-31
구로5동,새말로18길 42,2023-03-31
구로5동,공원로8길 59,2023-03-31
구로5동,공원로6길 25,2023-03-31
구로5동,공원로8길 23,2023-03-31
구로5동,구로중앙로22길 3,2023-03-31
구로5동,구로중앙로22길 37,2023-03-31
구로5동,구로중앙로22길 39-2,2023-03-31
구로5동,구로중앙로22길 86,2023-03-31
구로5동,구로중앙로22길 5,2023-03-31
구로5동,구로중앙로26길 16,2023-03-31
구로5동,구로중앙로26길 28-2,2023-03-31
구로5동,구로중앙로 108,2023-03-31
구로5동,구로중앙로28길 12-4,2023-03-31
구로5동,구로중앙로28길 10,2023-03-31
구로5동,구로중앙로28나길 4,2023-03-31
구로5동,구로중앙로28다길 12,2023-03-31
구로5동,구로중앙로28다길 30,2023-03-31
구로5동,공원로7길 29,2023-03-31
구로5동,새말로12길 39,2023-03-31
구로5동,공원로11가길 10,2023-03-31
구로5동,공원로11가길 11,2023-03-31
구로5동,공원로7길 12,2023-03-31
구로5동,공원로7길 12,2023-03-31
구로5동,구로중앙로34길 67,2023-03-31
구로5동,구로중앙로34길 55,2023-03-31
구로5동,구로중앙로34길 44-21,2023-03-31
구로5동,구로중앙로34길 40,2023-03-31
구로5동,구로중앙로32가길 18,2023-03-31
구로5동,구로중앙로34길 17,2023-03-31
구로5동,구로중앙로34길 33-4,2023-03-31
구로5동,구로중앙로34길 33-14,2023-03-31
구로5동,구로중앙로34길 33-38,2023-03-31
구로5동,새말로 18-31,2023-03-31
구로5동,새말로 38,2023-03-31
구로5동,새말로 44,2023-03-31
구로5동,구로중앙로32다길 10-1,2023-03-31
구로5동,구로중앙로32가길 78-13,2023-03-31
구로5동,구로중앙로28길 31-34,2023-03-31
구로5동,구로중앙로28길 31-23,2023-03-31
구로5동,구로중앙로28가길 43,2023-03-31
구로5동,구로중앙로28가길 23,2023-03-31
구로5동,구로중앙로30길 29,2023-03-31
가리봉동,남부순환로 1295,2023-03-31
가리봉동,남부순환로10길 1,2023-03-31
가리봉동,남부순환로105길 42,2023-03-31
가리봉동,디지털로 230-1,2023-03-31
가리봉동,디지털로 24길4,2023-03-31
가리봉동,디지털로24가길 18,2023-03-31
가리봉동,디지털로 235,2023-03-31
가리봉동,디지털로 221,2023-03-31
가리봉동,남부순환로105길 76,2023-03-31
가리봉동,남부순환로105길 118-4,2023-03-31
가리봉동,남부순환로105길 166,2023-03-31
가리봉동,구로동로5길 39-17,2023-03-31
가리봉동,구로동로5길 6-13,2023-03-31
가리봉동,구로동로5길 2,2023-03-31
가리봉동,구로동로 27,2023-03-31
가리봉동,남부순환로105길 202,2023-03-31
가리봉동,남부순환로105길 228,2023-03-31
가리봉동,남부순환로105길 234,2023-03-31
가리봉동,남부순환로105길 258,2023-03-31
가리봉동,구로동로7길 31-32,2023-03-31
가리봉동,디지털로27길 83,2023-03-31
가리봉동,우마1길 39,2023-03-31
가리봉동,우마1길 32,2023-03-31
가리봉동,우마2길 49,2023-03-31
가리봉동,우마2길 59,2023-03-31
가리봉동,남부순환로 1307,2023-03-31
고척1동,중앙로14가길 83,2023-03-31
고척1동,중앙로14가길 64,2023-03-31
고척1동,경인로47다길 31-26,2023-03-31
고척1동,경인로47다길 31-17,2023-03-31
고척1동,경인로47다길 25-15,2023-03-31
고척1동,경인로47다길 11-16,2023-03-31
고척1동,경인로47다길 10,2023-03-31
고척1동,중앙로8길 38,2023-03-31
고척1동,경인로47길 54,2023-03-31
고척1동,경인로47나길 19-5,2023-03-31
고척1동,경인로47나길 13-11,2023-03-31
고척1동,경인로47나길 5-23,2023-03-31
고척1동,경인로47길 134,2023-03-31
고척1동,중앙로14가길 91,2023-03-31
고척1동,안양천로537나길 22,2023-03-31
고척1동,안양천로537나길 36,2023-03-31
고척1동,안양천로537다길 13,2023-03-31
고척1동,경서로 67,2023-03-31
고척1동,경서로7길 28,2023-03-31
고척1동,경서로 38,2023-03-31
고척1동,경서로9길 35,2023-03-31
고척1동,경서로11길 45-1,2023-03-31
고척1동,경서로7길 33,2023-03-31
고척1동,경서로7가길 15,2023-03-31
고척1동,경서로5길 22,2023-03-31
고척1동,경서로7가길 34,2023-03-31
고척1동,경서로7가길 44,2023-03-31
고척1동,경인로3길 10,2023-03-31
고척1동,경서로 19,2023-03-31
고척1동,경서로1가길 14,2023-03-31
고척1동,경서로 6,2023-03-31
고척2동,고척동 245-3,2023-03-31
고척2동,고척동 244-4,2023-03-31
고척2동,고척로33길 91,2023-03-31
고척2동,고척로33다길 3-12,2023-03-31
고척2동,고척로27바길 47,2023-03-31
고척2동,고척로27바길 59,2023-03-31
고척2동,중앙로15길 80,2023-03-31
고척2동,중앙로14길 7,2023-03-31
고척2동,고척로27다길 48,2023-03-31
고척2동,고척로27다길41,2023-03-31
고척2동,고척로27다길 28,2023-03-31
고척2동,고척로27다길 47-13,2023-03-31
고척2동,고척로27다길 64 ,2023-03-31
고척2동,고척로39길 53,2023-03-31
고척2동,고척로39길 34,2023-03-31
고척2동,고척로39가길 18,2023-03-31
고척2동,고척로39길 12 ,2023-03-31
고척2동,고척로33길 35,2023-03-31
고척2동,고척로33길 48,2023-03-31
고척2동,고척로33라길 14-12,2023-03-31
고척2동,고척동 233,2023-03-31
고척2동,중앙로15길 151,2023-03-31
고척2동,고척로51가길 4,2023-03-31
고척2동,고척로51길 71,2023-03-31
고척2동,고척로45길 75-7,2023-03-31
고척2동,고척로51길 50,2023-03-31
고척2동,고척로45길 46-1,2023-03-31
고척2동,고척로 177-3,2023-03-31
고척2동,고척동 220-3,2023-03-31
고척2동,고척로47길 56-2,2023-03-31
고척2동,중앙로15길 94,2023-03-31
고척2동,고척로51길 28,2023-03-31
고척2동,고척로51길 20,2023-03-31
고척2동,고척로 195,2023-03-31
고척2동,고척로47길 16-3,2023-03-31
고척2동,고척로47길 33,2023-03-31
고척2동,경인로35나길17,2023-03-31
고척2동,경인로35길 94-7,2023-03-31
고척2동,경인로35길 104-7,2023-03-31
고척2동,경인로35길 98-1,2023-03-31
고척2동,고척로52가길 69,2023-03-31
고척2동,고척로52가길 65,2023-03-31
고척2동,고척로52가길 48,2023-03-31
고척2동,고척로52가길 21,2023-03-31
고척2동,고척로 222,2023-03-31
고척2동,고척로60길 20-1,2023-03-31
고척2동,중앙로 101,2023-03-31
고척2동,중앙로 87-10,2023-03-31
고척2동,목동남로 10-4,2023-03-31
고척2동,고척로52다길 16,2023-03-31
고척2동,고척로52가길 39,2023-03-31
고척2동,경인로35다길 20-1,2023-03-31
고척2동,경인로35길 98-1,2023-03-31
고척2동,경인로35나길 16,2023-03-31
고척2동,경인로35길 94-7,2023-03-31
고척2동,경인로35길 104-7,2023-03-31
개봉1동,고척로25길 20,2023-03-31
개봉1동,고척로27길 16-16,2023-03-31
개봉1동,고척로27마길 3,2023-03-31
개봉1동,고척로27길 93-60,2023-03-31
개봉1동,고척로19길 67-28,2023-03-31
개봉1동,고척로21나길 48-80,2023-03-31
개봉1동,고척로21라길 42-4,2023-03-31
개봉1동,고척로21나길 48-7,2023-03-31
개봉1동,고척로21나길 62,2023-03-31
개봉1동,고척로21나길 68,2023-03-31
개봉1동,고척로21가길 61-1,2023-03-31
개봉1동,고척로21나길 61-20,2023-03-31
개봉1동,고척로19가길 23,2023-03-31
개봉1동,고척로 95-10,2023-03-31
개봉1동,고척로 94-4,2023-03-31
개봉1동,고척로22길 12,2023-03-31
개봉1동,고척로18길 38,2023-03-31
개봉1동,경인로33다길 2,2023-03-31
개봉1동,경인로35길 64-18,2023-03-31
개봉1동,경인로35길 64-10,2023-03-31
개봉1동,고척로52라길 5-16,2023-03-31
개봉1동,고척로52라길 5,2023-03-31
개봉1동,고척로52길 74,2023-03-31
개봉1동,고척로52라길 19-28,2023-03-31
개봉1동,고척로52라길 43,2023-03-31
개봉2동,개봉로17바길 69,2023-03-31
개봉2동,개봉로17나길 62,2023-03-31
개봉2동,개봉로17아길 58 ,2023-03-31
개봉2동,개봉로17길 91,2023-03-31
개봉2동,개봉로20길 91-20 ,2023-03-31
개봉3동,개봉로2길 87-1,2023-03-31
개봉3동,개봉로12길 9-10,2023-03-31
개봉3동,개봉로11길 10-38,2023-03-31
개봉3동,개봉로1길 30,2023-03-31
개봉3동,개봉로1가길 11,2023-03-31
개봉3동,개봉로1길 54,2023-03-31
개봉3동,개봉로1나길 36,2023-03-31
개봉3동,개봉로1나길 46-17,2023-03-31
개봉3동,개봉로3길 51,2023-03-31
개봉3동,개봉로1나길 52,2023-03-31
개봉3동,개봉로3길 69,2023-03-31
개봉3동,개봉로5길 59,2023-03-31
개봉3동,개봉로11길 86,2023-03-31
오류1동,경인로13길 8,2023-03-31
오류1동,경인로15길 19,2023-03-31
오류1동,경인로15길 22,2023-03-31
오류1동,고척로3길 5-9,2023-03-31
오류1동,고척로3길 29,2023-03-31
오류1동,고척로3길 25-8,2023-03-31
오류1동,고척로3길 55,2023-03-31
오류1동,고척로3길 57,2023-03-31
오류1동,고척로3길 82,2023-03-31
오류1동,고척로3길 86-12,2023-03-31
오류1동,고척로3길 86-14,2023-03-31
오류1동,고척로3길 102,2023-03-31
오류1동,고척로15길 113,2023-03-31
오류1동,고척로15길 97,2023-03-31
오류1동,고척로3길 113,2023-03-31
오류1동,경인로15길 75-31,2023-03-31
오류1동,경인로15길 65-16,2023-03-31
오류1동,경인로15길 65-10,2023-03-31
오류1동,경인로15길 65,2023-03-31
오류1동,경인로15길 48,2023-03-31
오류1동,고척로3가길 11,2023-03-31
오류1동,경인로15가길 39,2023-03-31
오류1동,경인로15가길 37,2023-03-31
오류1동,경인로15가길 16,2023-03-31
오류1동,고척로 7,2023-03-31
오류1동,고척로 20,2023-03-31
오류1동,고척로 23,2023-03-31
오류1동,고척로 25-2,2023-03-31
오류1동,고척로6길 3,2023-03-31
오류1동,고척로6길 14,2023-03-31
오류1동,고척로 24-10,2023-03-31
오류1동,고척로 24-6,2023-03-31
오류1동,고척로 48,2023-03-31
오류1동,고척로6길 11-8,2023-03-31
오류1동,고척로10길 13,2023-03-31
오류1동,고척로10길 36,2023-03-31
오류1동,경인로19길 32,2023-03-31
오류1동,경인로19길 36-24,2023-03-31
오류1동,경인로25길 42,2023-03-31
오류1동,고척로12길 45,2023-03-31
오류1동,고척로12길 40-2,2023-03-31
오류1동,고척로12길 15-20,2023-03-31
오류1동,고척로12길 33,2023-03-31
오류1동,고척로16길 48-12,2023-03-31
오류1동,고척로16길 42,2023-03-31
오류1동,고척로16길 60,2023-03-31
오류1동,경인로20나길 30,2023-03-31
오류1동,경인로20가길 15,2023-03-31
오류1동,경인로20가길 49,2023-03-31
오류1동,경인로20가길 17,2023-03-31
오류1동,경인로20가길 69,2023-03-31
오류1동,경인로22길 64,2023-03-31
오류1동,경인로6길 40,2023-03-31
오류2동,오리로13길 56-41,2023-03-31
오류2동,오리로13길 88,2023-03-31
오류2동,오리로13길 105,2023-03-31
오류2동,오리로13길 16,2023-03-31
오류2동,오리로13길 34,2023-03-31
오류2동,오리로13길 18,2023-03-31
오류2동,오리로11길 33,2023-03-31
오류2동,오리로11길 71,2023-03-31
오류2동,서해안로 2227,2023-03-31
오류2동,서해안로 2217,2023-03-31
오류2동,오리로 1181,2023-03-31
오류2동,오리로9길 37,2023-03-31
오류2동,오리로9길 33-12,2023-03-31
오류2동,오리로 1171-8,2023-03-31
오류2동,오리로 1171-14,2023-03-31
오류2동,서헤안로 2278,2023-03-31
오류2동,오리로10길 44-10,2023-03-31
오류2동,오리로10길 44-9,2023-03-31
오류2동,서해안로20길 31,2023-03-31
오류2동,서해안로20길 44,2023-03-31
오류2동,오류로 53,2023-03-31
오류2동,오류로 54-16,2023-03-31
오류2동,오류로 54-26,2023-03-31
오류2동,오류로8나길 21,2023-03-31
오류2동,오류로8나길 8,2023-03-31
오류2동,오류로8다길 32,2023-03-31
오류2동,오류로8다길 14,2023-03-31
오류2동,오류로8다길 8,2023-03-31
오류2동,오류로8다길 6,2023-03-31
오류2동,오류로8가길 23,2023-03-31
오류2동,오루로8라길 24,2023-03-31
오류2동,오류로8라길 26,2023-03-31
오류2동,오루류8라길 37,2023-03-31
오류2동,오류로8라길 44,2023-03-31
오류2동,서해안로28길 15,2023-03-31
오류2동,오류로8바길 3-5,2023-03-31
오류2동,오류로8바길 8,2023-03-31
오류2동,오류로8길 138-1,2023-03-31
오류2동,오류로8길 147,2023-03-31
오류2동,서해안로 2344,2023-03-31
오류2동,서해안로 2317,2023-03-31
오류2동,오류로 86,2023-03-31
오류2동,서해안로21길 28,2023-03-31
오류2동,서해안로 2283,2023-03-31
오류2동,서해안로21길 5-13,2023-03-31
오류2동,고척로16가길 20,2023-03-31
오류2동,서해안로34가길 3,2023-03-31
수궁동 ,오리로21길 21,2023-03-31
수궁동 ,오리로21길 15,2023-03-31
수궁동 ,오리로21길 16-1,2023-03-31
수궁동 ,오리로21길 16-13,2023-03-31
수궁동 ,오리로21길 16-22,2023-03-31
수궁동 ,오리로21가길 37,2023-03-31
수궁동 ,오리로21가길 31,2023-03-31
수궁동 ,오리로21가길 23-13,2023-03-31
수궁동 ,오리로21가길 16,2023-03-31
수궁동 ,오리로21길 80,2023-03-31
수궁동 ,오리로21길 79,2023-03-31
수궁동 ,부일로9길 90-16,2023-03-31
수궁동 ,오리로21길 104,2023-03-31
수궁동 ,부일로9길 82,2023-03-31
수궁동 ,부일로9길 98,2023-03-31
수궁동 ,부일로9길 108,2023-03-31
수궁동 ,오리로21길 45,2023-03-31
수궁동 ,오리로21길 31,2023-03-31
수궁동 ,오리로21길 23,2023-03-31
수궁동 ,오리로17길 77-15,2023-03-31
수궁동 ,오리로17길 71,2023-03-31
수궁동 ,오리로17길 65,2023-03-31
수궁동 ,오리로17길 53,2023-03-31
수궁동 ,오리로17길 47,2023-03-31
수궁동 ,오리로 1305,2023-03-31
수궁동 ,오리로 1277,2023-03-31
수궁동 ,오리로 1266-1,2023-03-31
수궁동 ,오리로 1270,2023-03-31
수궁동 ,부일로11길 44,2023-03-31
수궁동 ,부일로11길 56,2023-03-31
수궁동 ,부일로13길 45,2023-03-31
수궁동 ,부일로13길 29,2023-03-31
수궁동 ,부일로13길 22,2023-03-31
수궁동 ,부일로15길 13,2023-03-31
수궁동 ,부일로11길 2,2023-03-31
수궁동 ,부일로11길 13,2023-03-31
수궁동 ,부일로11길 20,2023-03-31
수궁동 ,부일로11길 25,2023-03-31
수궁동 ,부일로15길 59,2023-03-31
수궁동 ,부일로17길 50,2023-03-31
수궁동 ,부일로17길 73,2023-03-31
수궁동 ,부일로13길 66-5,2023-03-31
수궁동 ,부일로15나길 23,2023-03-31
수궁동 ,부일로15나길 17,2023-03-31
수궁동 ,부일로13길 55,2023-03-31
수궁동 ,부일로17길 97,2023-03-31
수궁동 ,부일로17길 104-10,2023-03-31
수궁동 ,부일로17길 104-16,2023-03-31
수궁동 ,오리로20길 26-5,2023-03-31
수궁동 ,오리로20길 28,2023-03-31
수궁동 ,오리로20길 58,2023-03-31
수궁동 ,오리로20길 67-9,2023-03-31
수궁동 ,부일로17길 50,2023-03-31
수궁동 ,부일로17길 153,2023-03-31
수궁동 ,오리로22길 23,2023-03-31
수궁동 ,오리로22길 31,2023-03-31
수궁동 ,오리로22길 46-2,2023-03-31
수궁동 ,오리로22길 59,2023-03-31
수궁동 ,오리로22길 46-9,2023-03-31
수궁동 ,오리로22나길 6-5,2023-03-31
수궁동 ,오리로22길 16-49,2023-03-31
수궁동 ,오리로22나길 16-41,2023-03-31
수궁동 ,오리로22나길 16-35,2023-03-31
수궁동 ,오리로22가길 33,2023-03-31
수궁동 ,오리로22가길 22,2023-03-31
수궁동 ,오리로22길 5,2023-03-31
수궁동 ,부일로11길 117,2023-03-31
수궁동 ,부일로11길 101,2023-03-31
수궁동 ,부일로17길 112,2023-03-31
수궁동 ,부일로9길 95,2023-03-31
수궁동 ,부일로7길 21,2023-03-31
수궁동 ,부일로 861-6,2023-03-31
수궁동 ,부일로1가길 21,2023-03-31
수궁동 ,부일로1가길 34,2023-03-31
수궁동 ,부일로1가길 18-16,2023-03-31
수궁동 ,부일로1가길 12-29,2023-03-31
수궁동 ,부일로1길 116-6,2023-03-31
수궁동 ,부일로1다길 18,2023-03-31
수궁동 ,부일로1다길 34,2023-03-31
수궁동 ,부일로1다길 16-5,2023-03-31
수궁동 ,부일로1다길 16-9,2023-03-31
수궁동 ,부일로1길 136-7,2023-03-31
수궁동 ,부일로1길 136-6,2023-03-31
수궁동 ,부일로1길 136-5,2023-03-31
수궁동 ,부일로1길 136-9,2023-03-31
수궁동 ,부일로1길 115,2023-03-31
수궁동 ,부일로1길 109,2023-03-31
수궁동 ,부일로1길 101,2023-03-31
수궁동 ,부일로1길 99-17,2023-03-31
수궁동 ,부일로1길 81,2023-03-31
수궁동 ,부일로1길 62,2023-03-31
수궁동 ,부일로1길 26-13,2023-03-31
수궁동 ,부일로1길 26-19,2023-03-31
수궁동 ,부일로5길 30,2023-03-31
수궁동 ,부일로5길 30,2023-03-31
수궁동 ,부일로5길 16,2023-03-31
수궁동 ,부일로7길 13,2023-03-31
수궁동 ,부일로19길 16,2023-03-31
수궁동 ,부일로 985,2023-03-31
수궁동 ,부일로 989-8,2023-03-31
수궁동 ,부일로 989-11,2023-03-31
개봉1동,개봉로23가길 86,2023-03-31
개봉1동,경인로38길 25,2023-03-31
개봉1동,경인로 301,2023-03-31
개봉1동,경인로35길 33,2023-03-31
개봉1동,고척로52마길 7-12,2023-03-31
개봉1동,고척로52라길 11-9,2023-03-31
개봉1동,고척로52라길 11-23,2023-03-31
개봉1동,경서로1길 21,2023-03-31
개봉1동,경서로1길 13,2023-03-31
개봉1동,고척로52마길 29,2023-03-31
개봉1동,고척로52라길 19-7,2023-03-31
개봉1동,고척로52마길 33,2023-03-31
개봉1동,경인로35길 55-10,2023-03-31
개봉1동,경인로35가길 8,2023-03-31
개봉1동,경인로33길 51,2023-03-31
개봉1동,경인로33나길 14,2023-03-31
개봉1동,경인로33니길 14-13,2023-03-31
개봉1동,경인로33길 67,2023-03-31
개봉1동,고척로27길 63-30,2023-03-31
개봉1동,고척로19가길 13,2023-03-31
개봉1동,고척로21나길 98-10,2023-03-31
개봉1동,고척로21가길 84-55,2023-03-31
개봉1동,고척로21다길 41,2023-03-31
개봉1동,고척로21라길 50-9,2023-03-31
개봉1동,고척로21라길 43,2023-03-31
개봉1동,고척로19길 69-52,2023-03-31
개봉1동,고척로21다길 28-14,2023-03-31
개봉1동,고척로92,2023-03-31
개봉1동,고척로16가길 40,2023-03-31
개봉2동,개봉로20길 91-22,2023-03-31
개봉2동,개봉로20길 105,2023-03-31
개봉2동,개봉로15길 46-11,2023-03-31
개봉2동,개봉로15길 60,2023-03-31
개봉2동,개봉로17길 58,2023-03-31
개봉2동,남부순환로95길 16,2023-03-31
개봉2동,개봉로16가길 20,2023-03-31
개봉2동,개봉로15길 46,2023-03-31
개봉2동,개봉로19길 85,2023-03-31
개봉2동,개봉로17바길 70,2023-03-31
개봉2동,서해안로34길 42,2023-03-31
개봉2동,서해안로34길 3,2023-03-31
개봉2동,서해안로34길 22-2,2023-03-31
개봉2동,개봉로17아길 40,2023-03-31
개봉2동,개봉로17아길 51-12,2023-03-31
개봉2동,서해안로34가길 40,2023-03-31
개봉2동,개봉로17길 18-11,2023-03-31
개봉2동,개봉로17길 79,2023-03-31
개봉3동,개봉로11가길 32,2023-03-31
개봉3동,개봉로11길 63,2023-03-31
개봉3동,개봉로11길 74,2023-03-31
개봉3동,개봉로11길 50,2023-03-31
개봉3동,개봉로3길 100-10,2023-03-31
개봉3동,개봉로3길 96,2023-03-31
개봉3동,개봉로1길 82,2023-03-31
개봉3동,개봉로3가길 44-7,2023-03-31
개봉3동,개봉로3가길 82-4,2023-03-31
개봉3동,개봉로3가길 75,2023-03-31
개봉3동,개봉로3가길 88-24,2023-03-31
개봉3동,개봉로3가길 82-39,2023-03-31
개봉3동,개봉로3가길 88-3,2023-03-31
개봉3동,개봉로1길 154,2023-03-31
개봉3동,개봉로1다길 13-25,2023-03-31
개봉3동,개봉로1라길 10-4,2023-03-31
개봉3동,개봉로1길 106,2023-03-31
개봉3동,개봉로1길 40,2023-03-31
개봉3동,개봉로12길 9-14,2023-03-31
개봉3동,개봉로2길 75,2023-03-31
개봉3동,개봉로1나길 1,2023-03-31
개봉3동,개봉로1길 22,2023-03-31
개봉3동,개봉로10길 27,2023-03-31
개봉3동,개봉로6길 11-2,2023-03-31
개봉3동,개봉로16길 26,2023-03-31
개봉3동,개봉로15길 91,2023-03-31
